" Welcome to Address Book Service Program on Mysql DB "
--------------------------------------------------------
UC1-->Create a Database and used it
--------------------------------------------------------
mysql> create database address_book_service;
Query OK, 1 row affected (0.01 sec)
mysql> use address_book_service;
Database changed
-----------------------------------------------------------
UC2-->Create a table with address_book name
----------------------------------------------------------
mysql> create table address_book
    -> (firstName varchar(20) not null ,
    -> lastName varchar(20) not null ,
    -> address varchar(100) not null ,
    -> city varchar(30) not null ,
    -> state varchar(30) not null ,
    -> email varchar(30) not null ,
    -> zipCode int not null ,
    -> phone_number int not null);
Query OK, 0 rows affected (0.03 sec)
mysql> describe address_book;
+--------------+--------------+------+-----+---------+-------+
| Field        | Type         | Null | Key | Default | Extra |
+--------------+--------------+------+-----+---------+-------+
| firstName    | varchar(20)  | NO   |     | NULL    |       |
| lastName     | varchar(20)  | NO   |     | NULL    |       |
| address      | varchar(100) | NO   |     | NULL    |       |
| city         | varchar(30)  | NO   |     | NULL    |       |
| state        | varchar(30)  | NO   |     | NULL    |       |
| email        | varchar(30)  | NO   |     | NULL    |       |
| zipCode      | int          | NO   |     | NULL    |       |
| phone_number | int          | NO   |     | NULL    |       |
+--------------+--------------+------+-----+---------+-------+
8 rows in set (0.00 sec)
-------------------------------------------------------------------------
UC3-->Inserting values into a table
-------------------------------------------------------------------------
mysql> insert into address_book(firstName,lastName,address,city,state,email,zipCode,Phone_number)values
    -> ('Sri','Bharath','Mumbai','Mumbai','Maharastra','Bharath@gmail.com','556859','123456788'),
	-> ('Vanamala','Abhinay','Punjagutta','Hyderabad','Telanagana','Abhinay@gmail.com','500090','8309226840'),
	-> ('Sravan','Kumar', 'Abids','Hyderabad','Telangana','Sravan@gmail.com','50001','9059484561');
	mysql> select * from address_book;
+-----------+----------+---------+-------------+------------+--------------------+---------+--------------+
| firstName | lastName | address | city        | state      | email              | zipCode | phone_number |
+-----------+----------+---------+-------------+------------+--------------------+---------+--------------+
| Sri       |  Bharath | Mumbai  | Mumbai      | Maharastra | Bharath@gmail.com |  556856 |    123456788 |
| Vanamala | Abhinay | Punjagutta     | Hyderabad   | Telangana     | Abhinay@gmail.com      |  500090 |    8309226840 |
| Sravan       | Kumar    | Abids     | Hyderabad | Telangana     | Sravan@gmail.com      |  50001 |     9059484561 |
+-----------+----------+---------+-------------+------------+--------------------+---------+--------------+
3 rows in set (0.00 sec)
-----------------------------------------------------------------------------------------------------
UC4-->Edit existing Contact with using their name
----------------------------------------------------------------------------------------------------
mysql> update address_book set firstName='Srinivas' where lastName='Bhargav';
Query OK, 1 row affected (0.01 sec)
Rows matched: 1  Changed: 1  Warnings: 0
mysql> select * from address_book;
+-----------+----------+---------+-------------+------------+--------------------+---------+--------------+
| firstName | lastName | address | city        | state      | email              | zipCode | phone_number |
+-----------+----------+---------+-------------+------------+--------------------+---------+--------------+
| Sai  | Bharath  | Mumbai  | Mumbai      | Maharastra | Bharath@gmail.com |  556856 |    123456788 |
| Vanamala | Abhinay | Punjagutta     | Hyderabad   | Telangana     | Abhinay@gmail.com      |  500090 |    8309226840 |
| Sravan       | Kumar    | Abids     | Hyderabad | Telangana     | Sravan@gmail.com      |  50001 |     9059484561 |
+-----------+----------+---------+-------------+------------+--------------------+---------+--------------+
3 rows in set (0.00 sec) 
3 rows in set (0.00 sec)

------------------------------------------------------------------------------------------------------
UC5-->Delete contact with using person name
------------------------------------------------------------------------------------------------------
mysql> select * from address_book;

+-----------+----------+---------+-------------+------------+--------------------+---------+--------------+
| firstName | lastName | address | city        | state      | email              | zipCode | phone_number |
+-----------+----------+---------+-------------+------------+--------------------+---------+--------------+
| Srinivas  | Bhargav  | Mumbai  | Mumbai      | Maharastra | Bharagav@gmail.com |  556856 |    123456788 |
| Vanamala | Abhinay | Punjagutta     | Hyderabad   | Telangana     | Abhinay@gmail.com      |  500090 |    8309226840 |
| Sravan       | Kumar    | Abids     | Hyderabad | Telangana     | Sravan@gmail.com      |  50001 |     9059484561 |
+-----------+----------+---------+-------------+------------+--------------------+---------+--------------+
3 rows in set (0.00 sec)


mysql> delete from address_book where firstName='Abhinay';

Query OK, 1 row affected (0.01 sec)

mysql> select * from address_book;
+-----------+----------+---------+-------------+--------+---------------+---------+--------------+
| firstName | lastName | address | city        | state  | email         | zipCode | phone_number |
+-----------+----------+---------+-------------+--------+---------------+---------+--------------+
| Vanamala | Abhinay | Punjagutta     | Hyderabad   | Telangana | Abhinay@gmail.com |  500090 |    8309226840 |
| Sravan       | Kumar    | Abids     | Hyderabad | Telangana | Sravan@gmail.com |  50001 |     9059484561 |
+-----------+----------+---------+-------------+--------+---------------+---------+--------------+
2 rows in set (0.00 sec)
